OvO,AUC-score
3,0.540983606557377
4,0.812166010687658
5,0.8567524027551259
6,0.7930260942760943
7,0.8839467435549526
8,0.9156462585034013
9,0.3963227783452502
