OvO,AUC-score
3,0.9451219512195123
4,0.8026524597596917
5,0.8264905347384855
6,0.7200145232371795
7,0.8340038935756002
8,0.8002784653465347
