OvO,AUC-score
3,0.4236680327868853
4,0.8086461233240536
5,0.8593958074603864
6,0.7972853535353535
7,0.8883070443238352
8,0.8706273620559337
9,0.4851889683350358
