OvO,AUC-score
3,0.8439024390243902
4,0.7134436635683519
5,0.830015612802498
6,0.7218549679487181
7,0.8231018818948734
8,0.8258044554455445
