OvO,AUC-score
3,0.36669242658423495
4,0.8133614549222032
5,0.8377722284146447
6,0.7640485935165335
7,0.8774941916085827
8,0.8707578437951158
9,0.6620477290223248
