OvO,AUC-score
3,0.4682377049180328
4,0.800358388531567
5,0.8539194709200545
6,0.7892255892255893
7,0.8837559362279511
8,0.9225094482237339
9,0.40040858018386105
