OvO,AUC-score
3,0.6031684698608965
4,0.8150820521359458
5,0.8621307768155707
6,0.8138138788434377
7,0.8924721538882056
8,0.8742349376766505
9,0.8244803695150115
