OvO,AUC-score
3,0.5522926326635755
4,0.8259236646870547
5,0.860726764125868
6,0.8037395545353708
7,0.8968070930709308
8,0.8644543402671871
9,0.8460354118552734
