OvO,AUC-score
3,0.5694229778464709
4,0.8575049490296203
5,0.8413438866500901
6,0.7624605701004065
7,0.8733215457154571
8,0.8618516033266231
9,0.8414164742109315
