OvO,AUC-score
3,0.3861567821491486
4,0.7314423657211828
5,0.854795798597526
6,0.7846999400832114
7,0.8730686620938128
8,0.8377464420942682
9,0.8491228070175438
